{
    "name": "root",
    "metadata": {
        "timer_format_version": "0.1.0",
        "start_time_seconds": "1606323110",
        "python_version": "3.7.0 (v3.7.0:1bf9cc5093, Jun 27 2018, 04:59:51) [MSC v.1914 64 bit (AMD64)]",
        "command_line_arguments": "C:\\Users\\witse\\AppData\\Local\\Programs\\Python\\Python37\\Scripts\\mlagents-learn jumper.yml --run-id test2",
        "mlagents_version": "0.21.1",
        "mlagents_envs_version": "0.21.1",
        "communication_protocol_version": "1.2.0",
        "tensorflow_version": "2.3.1",
        "numpy_version": "1.18.5",
        "end_time_seconds": "1606323229"
    },
    "total": 118.24928460000001,
    "count": 1,
    "self": 0.005178300000011404,
    "children": {
        "run_training.setup": {
            "total": 0.006645599999999918,
            "count": 1,
            "self": 0.006645599999999918
        },
        "TrainerController.start_learning": {
            "total": 118.2374607,
            "count": 1,
            "self": 0.2618613999990913,
            "children": {
                "TrainerController._reset_env": {
                    "total": 7.3954349,
                    "count": 1,
                    "self": 7.3954349
                },
                "TrainerController.advance": {
                    "total": 109.9072523000009,
                    "count": 10006,
                    "self": 0.11728410000020517,
                    "children": {
                        "env_step": {
                            "total": 109.7899682000007,
                            "count": 10006,
                            "self": 100.87105280000057,
                            "children": {
                                "SubprocessEnvManager._take_step": {
                                    "total": 8.798928400000408,
                                    "count": 10006,
                                    "self": 0.2264995000014558,
                                    "children": {
                                        "TFPolicy.evaluate": {
                                            "total": 8.572428899998952,
                                            "count": 9694,
                                            "self": 8.572428899998952
                                        }
                                    }
                                },
                                "workers": {
                                    "total": 0.11998699999973006,
                                    "count": 10005,
                                    "self": 0.0,
                                    "children": {
                                        "worker_root": {
                                            "total": 111.83711589999963,
                                            "count": 10005,
                                            "is_parallel": true,
                                            "self": 18.5455043999999,
                                            "children": {
                                                "steps_from_proto": {
                                                    "total": 0.0003701999999998762,
                                                    "count": 1,
                                                    "is_parallel": true,
                                                    "self": 0.0002054999999989704,
                                                    "children": {
                                                        "_process_vector_observation": {
                                                            "total": 0.0001647000000009058,
                                                            "count": 2,
                                                            "is_parallel": true,
                                                            "self": 0.0001647000000009058
                                                        }
                                                    }
                                                },
                                                "UnityEnvironment.step": {
                                                    "total": 93.29124129999973,
                                                    "count": 10005,
                                                    "is_parallel": true,
                                                    "self": 0.7146614000003666,
                                                    "children": {
                                                        "UnityEnvironment._generate_step_input": {
                                                            "total": 0.4639726999999114,
                                                            "count": 10005,
                                                            "is_parallel": true,
                                                            "self": 0.4639726999999114
                                                        },
                                                        "communicator.exchange": {
                                                            "total": 89.91998019999959,
                                                            "count": 10005,
                                                            "is_parallel": true,
                                                            "self": 89.91998019999959
                                                        },
                                                        "steps_from_proto": {
                                                            "total": 2.1926269999998595,
                                                            "count": 10005,
                                                            "is_parallel": true,
                                                            "self": 1.2138529999997543,
                                                            "children": {
                                                                "_process_vector_observation": {
                                                                    "total": 0.9787740000001053,
                                                                    "count": 20010,
                                                                    "is_parallel": true,
                                                                    "self": 0.9787740000001053
                                                                }
                                                            }
                                                        }
                                                    }
                                                }
                                            }
                                        }
                                    }
                                }
                            }
                        }
                    }
                },
                "trainer_threads": {
                    "total": 1.9100000002936213e-05,
                    "count": 1,
                    "self": 1.9100000002936213e-05,
                    "children": {
                        "thread_root": {
                            "total": 0.0,
                            "count": 0,
                            "is_parallel": true,
                            "self": 0.0,
                            "children": {
                                "trainer_advance": {
                                    "total": 110.08980449999969,
                                    "count": 6044,
                                    "is_parallel": true,
                                    "self": 0.18753809999914495,
                                    "children": {
                                        "process_trajectory": {
                                            "total": 90.36965960000053,
                                            "count": 6044,
                                            "is_parallel": true,