{"count":1,"self":433.42289919999996,"total":1059.5402479,"children":{"AgentSendState":{"count":385951,"self":16.9463024,"total":104.8606245,"children":{"CollectObservations":{"count":308764,"self":2.2515104,"total":2.2515104,"children":null},"CollectDiscreteActionMasks":{"count":308764,"self":1.9882848,"total":1.9882848,"children":null},"AgentInfo.ToProto":{"count":308764,"self":5.5366751999999995,"total":83.674526899999989,"children":{"GenerateSensorData":{"count":308764,"self":14.678054399999999,"total":78.1378515,"children":{"RayPerceptionSensor.Perceive":{"count":617528,"self":63.459795199999995,"total":63.459797599999995,"children":null}}}}}}},"DecideAction":{"count":385951,"self":516.0671744,"total":516.0671751,"children":null},"AgentAct":{"count":385951,"self":5.141692,"total":5.1416921,"children":null},"AgentInfo.ToProto":{"count":187,"self":0.0039938,"total":0.046875299999999995,"children":{"GenerateSensorData":{"count":187,"self":0.0109724,"total":0.042881499999999996,"children":{"RayPerceptionSensor.Perceive":{"count":374,"self":0.031909099999999996,"total":0.031909099999999996,"children":null}}}}}},"gauges":{"Jumper.CumulativeReward":{"count":187,"max":1.17000067,"min":-1240.0636,"runningAverage":-62.5638,"value":-11.3100166,"weightedAverage":-8.559904}},"metadata":{"timer_format_version":"0.1.0","start_time_seconds":"1606654616","unity_version":"2019.4.11f1","command_line_arguments":"C:\\Program Files\\Unity\\Hub\\Editor\\2019.4.11f1\\Editor\\Unity.exe -projectpath C:\/Users\/witse\/Desktop\/Final Final\/JumperFinal (2)\/JumperFinal\/JumperFinal\/JumperTest2 -useHub -hubIPC -cloudEnvironment production -skipUpgradeDialogs -hubSessionId d1faf500-3241-11eb-b51a-9d7556c41a4e -accessToken wPqZcQt_dzjXm7mz_A4eH7Qyyvp2SZk94jDbKKouo9o008f","communication_protocol_version":"1.0.0","com.unity.ml-agents_version":"1.0.6","scene_name":"SampleScene","end_time_seconds":"1606655675"}}