{"cameraMode":{"drawMode":0,"name":"Shaded","section":"Shading Mode"},"sceneLighting":true,"audioPlay":false,"sceneViewState":{"showFog":true,"showMaterialUpdate":false,"showSkybox":true,"showFlares":true,"showImageEffects":true,"showParticleSystems":true},"in2DMode":false,"pivot":{"x":-27.887794494628908,"y":-3.1404380798339845,"z":17.418106079101564},"rotation":{"x":0.15791171789169312,"y":0.3746354877948761,"z":-0.0650508776307106,"w":0.9114127159118652},"size":12.833945274353028,"orthographic":false}