{"cameraMode":{"drawMode":0,"name":"Shaded","section":"Shading Mode"},"sceneLighting":false,"audioPlay":false,"sceneViewState":{"showFog":true,"showMaterialUpdate":false,"showSkybox":false,"showFlares":true,"showImageEffects":true,"showParticleSystems":true},"in2DMode":false,"pivot":{"x":-0.0000057220458984375,"y":0.2645135819911957,"z":0.00000286102294921875},"rotation":{"x":0.0378069169819355,"y":-0.9278665781021118,"z":0.35787057876586916,"w":0.09808243066072464},"size":382.8697509765625,"orthographic":false}