{"cameraMode":{"drawMode":0,"name":"Shaded","section":"Shading Mode"},"sceneLighting":false,"audioPlay":false,"sceneViewState":{"showFog":true,"showMaterialUpdate":false,"showSkybox":false,"showFlares":true,"showImageEffects":true,"showParticleSystems":true},"in2DMode":false,"pivot":{"x":-0.15999998152256013,"y":9.540000915527344,"z":5.050000190734863},"rotation":{"x":0.09388712048530579,"y":-0.8701998591423035,"z":0.18186819553375245,"w":0.4483763873577118},"size":10.024969100952149,"orthographic":false}