{
    "name": "root",
    "metadata": {
        "timer_format_version": "0.1.0",
        "start_time_seconds": "1606322974",
        "python_version": "3.7.0 (v3.7.0:1bf9cc5093, Jun 27 2018, 04:59:51) [MSC v.1914 64 bit (AMD64)]",
        "command_line_arguments": "C:\\Users\\witse\\AppData\\Local\\Programs\\Python\\Python37\\Scripts\\mlagents-learn jumper.yml --run-id test1",
        "mlagents_version": "0.21.1",
        "mlagents_envs_version": "0.21.1",
        "communication_protocol_version": "1.2.0",
        "tensorflow_version": "2.3.1",
        "numpy_version": "1.18.5",
        "end_time_seconds": "1606323030"
    },
    "total": 56.070545300000006,
    "count": 1,
    "self": 0.006674300000007349,
    "children": {
        "run_training.setup": {
            "total": 0.01913440000000044,
            "count": 1,
            "self": 0.01913440000000044
        },
        "TrainerController.start_learning": {
            "total": 56.0447366,
            "count": 1,
            "self": 1.1236388999999747,
            "children": {
                "TrainerController._reset_env": {
                    "total": 6.9257638,
                    "count": 1,
                    "self": 6.9257638
                },
                "TrainerController.advance": {
                    "total": 47.27706310000003,
                    "count": 4718,
                    "self": 0.051723599999689895,
                    "children": {
                        "env_step": {
                            "total": 47.22533950000034,
                            "count": 4718,
                            "self": 42.7621953000005,
                            "children": {
                                "SubprocessEnvManager._take_step": {
                                    "total": 4.411546399999986,
                                    "count": 4718,
                                    "self": 0.10286770000001688,
                                    "children": {
                                        "TFPolicy.evaluate": {
                                            "total": 4.3086786999999696,
                                            "count": 4567,
                                            "self": 4.3086786999999696
                                        }
                                    }
                                },
                                "workers": {
                                    "total": 0.05159779999985403,
                                    "count": 4717,
                                    "self": 0.0,
                                    "children": {
                                        "worker_root": {
                                            "total": 49.48152780000003,
                                            "count": 4717,
                                            "is_parallel": true,
                                            "self": 10.03185129999995,
                                            "children": {
                                                "steps_from_proto": {
                                                    "total": 0.0009877000000004799,
                                                    "count": 1,
                                                    "is_parallel": true,
                                                    "self": 0.00021070000000023015,
                                                    "children": {
                                                        "_process_vector_observation": {
                                                            "total": 0.0007770000000002497,
                                                            "count": 2,
                                                            "is_parallel": true,
                                                            "self": 0.0007770000000002497
                                                        }
                                                    }
                                                },
                                                "UnityEnvironment.step": {
                                                    "total": 39.44868880000008,
                                                    "count": 4717,
                                                    "is_parallel": true,
                                                    "self": 0.314741999999697,
                                                    "children": {
                                                        "UnityEnvironment._generate_step_input": {
                                                            "total": 0.19555779999997114,
                                                            "count": 4717,
                                                            "is_parallel": true,
                                                            "self": 0.19555779999997114
                                                        },
                                                        "communicator.exchange": {
                                                            "total": 37.96051810000019,
                                                            "count": 4717,
                                                            "is_parallel": true,
                                                            "self": 37.96051810000019
                                                        },
                                                        "steps_from_proto": {
                                                            "total": 0.9778709000002213,
                                                            "count": 4717,
                                                            "is_parallel": true,
                                                            "self": 0.5348367000002243,
                                                            "children": {
                                                                "_process_vector_observation": {
                                                                    "total": 0.44303419999999694,
                                                                    "count": 9434,
                                                                    "is_parallel": true,
                                                                    "self": 0.44303419999999694
                                                                }
                                                            }
                                                        }
                                                    }
                                                }
                                            }
                                        }
                                    }
                                }
                            }
                        }
                    }
                },
                "trainer_threads": {
                    "total": 2.5700000001904755e-05,
                    "count": 1,
                    "self": 2.5700000001904755e-05,
                    "children": {
                        "thread_root": {
                            "total": 0.0,
                            "count": 0,
                            "is_parallel": true,
                            "self": 0.0,
                            "children": {
                                "trainer_advance": {
                                    "total": 43.562568200000044,
                                    "count": 2923,
                                    "is_parallel": true,
                                    "self": 0.08423960000015995,
                                    "children": {
                                        "process_trajectory": {
                                            "total": 43.478328599999884,
                                            "count": 2924,
                                            "is_parallel": true,