{
    "name": "root",
    "metadata": {
        "timer_format_version": "0.1.0",
        "start_time_seconds": "1605821325",
        "python_version": "3.8.5 (default, Sep  3 2020, 21:29:08) [MSC v.1916 64 bit (AMD64)]",
        "command_line_arguments": "C:\\Users\\james\\Anaconda3\\envs\\ml-agents\\Scripts\\mlagents-learn jumper.yml --run-id jumper-test1",
        "mlagents_version": "0.21.0",
        "mlagents_envs_version": "0.21.0",
        "communication_protocol_version": "1.2.0",
        "tensorflow_version": "2.3.1",
        "numpy_version": "1.19.2",
        "end_time_seconds": "1605821383"
    },
    "total": 58.1457619,
    "count": 1,
    "self": 0.006639199999995071,
    "children": {
        "run_training.setup": {
            "total": 0.0783586000000005,
            "count": 1,
            "self": 0.0783586000000005
        },
        "TrainerController.start_learning": {
            "total": 58.0607641,
            "count": 1,
            "self": 0.09123899999968899,
            "children": {
                "TrainerController._reset_env": {
                    "total": 7.6762261,
                    "count": 1,
                    "self": 7.6762261
                },
                "TrainerController.advance": {
                    "total": 48.27816320000031,
                    "count": 4121,
                    "self": 0.04141700000031534,
                    "children": {
                        "env_step": {
                            "total": 48.23674619999999,
                            "count": 4121,
                            "self": 45.785982799999914,
                            "children": {
                                "SubprocessEnvManager._take_step": {
                                    "total": 2.40305690000001,
                                    "count": 4121,
                                    "self": 0.07956499999988687,
                                    "children": {
                                        "TFPolicy.evaluate": {
                                            "total": 2.323491900000123,
                                            "count": 3940,
                                            "self": 2.323491900000123
                                        }
                                    }
                                },
                                "workers": {
                                    "total": 0.04770650000007137,
                                    "count": 4120,
                                    "self": 0.0,
                                    "children": {
                                        "worker_root": {
                                            "total": 49.78160250000024,
                                            "count": 4120,
                                            "is_parallel": true,
                                            "self": 7.0801707000002025,
                                            "children": {
                                                "steps_from_proto": {
                                                    "total": 0.0011686000000006302,
                                                    "count": 1,
                                                    "is_parallel": true,
                                                    "self": 0.00019420000000014426,
                                                    "children": {
                                                        "_process_vector_observation": {
                                                            "total": 0.000974400000000486,
                                                            "count": 2,
                                                            "is_parallel": true,
                                                            "self": 0.000974400000000486
                                                        }
                                                    }
                                                },
                                                "UnityEnvironment.step": {
                                                    "total": 42.70026320000004,
                                                    "count": 4120,
                                                    "is_parallel": true,
                                                    "self": 0.2430637000006186,
                                                    "children": {
                                                        "UnityEnvironment._generate_step_input": {
                                                            "total": 0.4228507999997291,
                                                            "count": 4120,
                                                            "is_parallel": true,
                                                            "self": 0.4228507999997291
                                                        },
                                                        "communicator.exchange": {
                                                            "total": 41.071033599999744,
                                                            "count": 4120,
                                                            "is_parallel": true,
                                                            "self": 41.071033599999744
                                                        },
                                                        "steps_from_proto": {
                                                            "total": 0.9633150999999449,
                                                            "count": 4120,
                                                            "is_parallel": true,
                                                            "self": 0.4807460999996822,
                                                            "children": {
                                                                "_process_vector_observation": {
                                                                    "total": 0.4825690000002627,
                                                                    "count": 8240,
                                                                    "is_parallel": true,
                                                                    "self": 0.4825690000002627
                                                                }
                                                            }
                                                        }
                                                    }
                                                }
                                            }
                                        }
                                    }
                                }
                            }
                        }
                    }
                },
                "trainer_threads": {
                    "total": 2.870000000143591e-05,
                    "count": 1,
                    "self": 2.870000000143591e-05,
                    "children": {
                        "thread_root": {
                            "total": 0.0,
                            "count": 0,
                            "is_parallel": true,
                            "self": 0.0,
                            "children": {
                                "trainer_advance": {
                                    "total": 48.06825120000006,
                                    "count": 24212,
                                    "is_parallel": true,
                                    "self": 0.5393627000000052,
                                    "children": {
                                        "process_trajectory": {
                                            "total": 47.52888850000006,
                                            "count": 24212,
                                            "is_parallel": true,