{
    "name": "root",
    "gauges": {
        "Jumper.Policy.Entropy.mean": {
            "value": 0.676842451095581,
            "min": 0.6719058156013489,
            "max": 0.6916161179542542,
            "count": 3
        },
        "Jumper.Policy.ExtrinsicValueEstimate.mean": {
            "value": -0.6301844120025635,
            "min": -0.6301844120025635,
            "max": -0.04395764321088791,
            "count": 3
        },
        "Jumper.Policy.CuriosityValueEstimate.mean": {
            "value": 0.021266581490635872,
            "min": 0.0007141241803765297,
            "max": 0.021266581490635872,
            "count": 3
        },
        "Jumper.Environment.EpisodeLength.mean": {
            "value": 2107.0,
            "min": 575.4375,
            "max": 2107.0,
            "count": 3
        },
        "Jumper.Environment.CumulativeReward.mean": {
            "value": -295.375,
            "min": -295.375,
            "max": -143.37666805386544,
            "count": 3
        },
        "Jumper.Policy.ExtrinsicReward.mean": {
            "value": -295.375,
            "min": -295.375,
            "max": -143.37666805386544,
            "count": 3
        },
        "Jumper.Policy.CuriosityReward.mean": {
            "value": 3.3252382767386734,
            "min": 0.003066091736157735,
            "max": 3.3252382767386734,
            "count": 3
        },
        "Jumper.Losses.ValueLoss.mean": {
            "value": 2.4689929485321045,
            "min": 2.4689929485321045,
            "max": 27.785242080688477,
            "count": 3
        },
        "Jumper.Losses.PolicyLoss.mean": {
            "value": 0.23346759378910065,
            "min": 0.23346759378910065,
            "max": 0.39200329780578613,
            "count": 3
        },
        "Jumper.Policy.LearningRate.mean": {
            "value": 0.00029999998514540493,
            "min": 0.00029999998514540493,
            "max": 0.00029999998514540493,
            "count": 3
        },
        "Jumper.Policy.Epsilon.mean": {
            "value": 0.20000004768371582,
            "min": 0.20000004768371582,
            "max": 0.20000004768371582,
            "count": 3
        },
        "Jumper.Policy.Beta.mean": {
            "value": 0.004999999888241291,
            "min": 0.004999999888241291,
            "max": 0.004999999888241291,
            "count": 3
        },
        "Jumper.Losses.CuriosityForwardLoss.mean": {
            "value": 0.07909026741981506,
            "min": 0.06305591762065887,
            "max": 0.08753809332847595,
            "count": 3
        },
        "Jumper.Losses.CuriosityInverseLoss.mean": {
            "value": 0.4402526319026947,
            "min": 0.4402526319026947,
            "max": 0.6456313729286194,
            "count": 3
        },
        "Jumper.IsTraining.mean": {
            "value": 1.0,
            "min": 1.0,
            "max": 1.0,
            "count": 3
        }
    },
    "metadata": {
        "timer_format_version": "0.1.0",
        "start_time_seconds": "1606590355",
        "python_version": "3.8.5 (default, Sep  3 2020, 21:29:08) [MSC v.1916 64 bit (AMD64)]",
        "command_line_arguments": "C:\\Users\\james\\Anaconda3\\envs\\ml-agents\\Scripts\\mlagents-learn jumper.yml --run-id Final-04",
        "mlagents_version": "0.21.0",
        "mlagents_envs_version": "0.21.0",
        "communication_protocol_version": "1.2.0",
        "tensorflow_version": "2.3.1",
        "numpy_version": "1.19.2",
        "end_time_seconds": "1606590525"
    },
    "total": 169.81306220000002,
    "count": 1,
    "self": 0.005379000000004908,
    "children": {
        "run_training.setup": {
            "total": 0.008582399999999879,
            "count": 1,
            "self": 0.008582399999999879
        },
        "TrainerController.start_learning": {
            "total": 169.79910080000002,
            "count": 1,
            "self": 0.19447579999965114,
            "children": {
                "TrainerController._reset_env": {
                    "total": 13.293064900000001,
                    "count": 1,
                    "self": 13.293064900000001
                },
                "TrainerController.advance": {
                    "total": 151.2907646000004,
                    "count": 7620,
                    "self": 0.0952582000008988,
                    "children": {
                        "env_step": {
                            "total": 151.1955063999995,
                            "count": 7620,
                            "self": 142.2667212999994,
                            "children": {
                                "SubprocessEnvManager._take_step": {
                                    "total": 8.825388800000283,
                                    "count": 7620,
                                    "self": 0.23316459999956507,
                                    "children": {
                                        "TFPolicy.evaluate": {
                                            "total": 8.592224200000718,
                                            "count": 7604,
                                            "self": 8.592224200000718
                                        }
                                    }
                                },
                                "workers": {
                                    "total": 0.1033962999998046,
                                    "count": 7619,
                                    "self": 0.0,
                                    "children": {
                                        "worker_root": {
                                            "total": 154.11705239999972,
                                            "count": 7619,
                                            "is_parallel": true,
                                            "self": 20.33796939999911,
                                            "children": {
                                                "steps_from_proto": {
                                                    "total": 0.0006196999999996677,
                                                    "count": 1,
                                                    "is_parallel": true,
                                                    "self": 0.0001726999999984713,
                                                    "children": {
                                                        "_process_vector_observation": {
                                                            "total": 0.00044700000000119644,
                                                            "count": 4,
                                                            "is_parallel": true,
                                                            "self": 0.00044700000000119644
                                                        }
                                                    }
                                                },
                                                "UnityEnvironment.step": {
                                                    "total": 133.77846330000062,
                                                    "count": 7619,
                                                    "is_parallel": true,
                                                    "self": 0.5838687000009202,
                                                    "children": {
                                                        "UnityEnvironment._generate_step_input": {
                                                            "total": 1.6360407000001054,
                                                            "count": 7619,
                                                            "is_parallel": true,
                                                            "self": 1.6360407000001054
                                                        },